{
  "6 Traits® Style - Ideas": [
    {
      "children": [
        {
          "children": [],
          "body": "Word"
        },
        {
          "children": [],
          "body": "Sentence it's in"
        },
        {
          "children": [],
          "body": "I think it means"
        },
        {
          "children": [],
          "body": "Expert definitions (ask others)"
        },
        {
          "children": [],
          "body": "Antonyms"
        },
        {
          "children": [],
          "body": "Synonyms"
        },
        {
          "children": [],
          "body": "What helps me remember this word"
        }
      ],
      "body": "6 Traits Style - Ideas"
    }
  ],
  "6 Traits® Style - Voice": [
    {
      "children": [
        {
          "children": [
            {
              "children": [],
              "body": "whispered"
            },
            {
              "children": [],
              "body": "cried"
            },
            {
              "children": [],
              "body": "screamed"
            },
            {
              "children": [],
              "body": "hollered"
            },
            {
              "children": [],
              "body": "shrieked"
            },
            {
              "children": [],
              "body": "bellowed"
            },
            {
              "children": [],
              "body": "weeped"
            },
            {
              "children": [],
              "body": "howled"
            },
            {
              "children": [],
              "body": "wailed"
            },
            {
              "children": [],
              "body": "blubbered"
            },
            {
              "children": [],
              "body": "shouted"
            },
            {
              "children": [],
              "body": "exclaimed"
            },
            {
              "children": [],
              "body": "called"
            },
            {
              "children": [],
              "body": "yelled"
            },
            {
              "children": [],
              "body": "yelped"
            },
            {
              "children": [],
              "body": "screeched"
            }
          ],
          "body": "Said"
        },
        {
          "children": [
            {
              "children": [],
              "body": "walked"
            },
            {
              "children": [],
              "body": "traveled"
            },
            {
              "children": [],
              "body": "skipped"
            },
            {
              "children": [],
              "body": "drove"
            },
            {
              "children": [],
              "body": "rode"
            },
            {
              "children": [],
              "body": "ran"
            },
            {
              "children": [],
              "body": "raced"
            },
            {
              "children": [],
              "body": "tip-toed"
            },
            {
              "children": [],
              "body": "stomped"
            },
            {
              "children": [],
              "body": "strolled"
            }
          ],
          "body": "Went"
        },
        {
          "children": [
            {
              "children": [],
              "body": "wonderful"
            },
            {
              "children": [],
              "body": "delightful"
            },
            {
              "children": [],
              "body": "great"
            },
            {
              "children": [],
              "body": "enjoyable"
            },
            {
              "children": [],
              "body": "cool"
            },
            {
              "children": [],
              "body": "best time"
            },
            {
              "children": [],
              "body": "a ball"
            },
            {
              "children": [],
              "body": "good time"
            }
          ],
          "body": "Fun"
        },
        {
          "children": [
            {
              "children": [],
              "body": "lovely"
            },
            {
              "children": [],
              "body": "enjoyable"
            },
            {
              "children": [],
              "body": "pleasing"
            },
            {
              "children": [],
              "body": "kind"
            },
            {
              "children": [],
              "body": "cheery"
            },
            {
              "children": [],
              "body": "amusing"
            },
            {
              "children": [],
              "body": "happy"
            }
          ],
          "body": "Nice"
        },
        {
          "children": [
            {
              "children": [],
              "body": "peer"
            },
            {
              "children": [],
              "body": "gaze"
            },
            {
              "children": [],
              "body": "stare"
            },
            {
              "children": [],
              "body": "glance"
            },
            {
              "children": [],
              "body": "peek"
            },
            {
              "children": [],
              "body": "glimpse"
            }
          ],
          "body": "Look"
        },
        {
          "children": [
            {
              "children": [],
              "body": "snicker"
            },
            {
              "children": [],
              "body": "guffaw"
            },
            {
              "children": [],
              "body": "titter"
            },
            {
              "children": [],
              "body": "cackle"
            },
            {
              "children": [],
              "body": "chuckle"
            },
            {
              "children": [],
              "body": "snort"
            },
            {
              "children": [],
              "body": "smile"
            },
            {
              "children": [],
              "body": "giggle"
            },
            {
              "children": [],
              "body": "hoot"
            },
            {
              "children": [],
              "body": "grin"
            }
          ],
          "body": "Laugh"
        },
        {
          "children": [
            {
              "children": [],
              "body": "tickled"
            },
            {
              "children": [],
              "body": "elated"
            },
            {
              "children": [],
              "body": "delighted"
            },
            {
              "children": [],
              "body": "thrilled"
            },
            {
              "children": [],
              "body": "jubilant"
            },
            {
              "children": [],
              "body": "overjoyed"
            },
            {
              "children": [],
              "body": "ecstatic"
            },
            {
              "children": [],
              "body": "jovial"
            },
            {
              "children": [],
              "body": "content"
            }
          ],
          "body": "Happy"
        },
        {
          "children": [
            {
              "children": [],
              "body": "unhappy"
            },
            {
              "children": [],
              "body": "dejected"
            },
            {
              "children": [],
              "body": "miserable"
            },
            {
              "children": [],
              "body": "downhearted"
            },
            {
              "children": [],
              "body": "forlorn"
            },
            {
              "children": [],
              "body": "dispirited"
            },
            {
              "children": [],
              "body": "wretched"
            },
            {
              "children": [],
              "body": "depressed"
            },
            {
              "children": [],
              "body": "pitiful"
            },
            {
              "children": [],
              "body": "disheartened"
            }
          ],
          "body": "Sad"
        },
        {
          "children": [
            {
              "children": [],
              "body": "devour"
            },
            {
              "children": [],
              "body": "gobble"
            },
            {
              "children": [],
              "body": "chew"
            },
            {
              "children": [],
              "body": "taste"
            },
            {
              "children": [],
              "body": "nibble"
            },
            {
              "children": [],
              "body": "munch"
            },
            {
              "children": [],
              "body": "bite"
            },
            {
              "children": [],
              "body": "snack"
            },
            {
              "children": [],
              "body": "gorge"
            },
            {
              "children": [],
              "body": "wolf"
            },
            {
              "children": [],
              "body": "savor"
            }
          ],
          "body": "Eat"
        }
      ],
      "body": "6 Traits® Style - Voice"
    }
  ],
    "6 Traits® Style - Word Choice": [
    {
      "children": [
        {
          "children": [],
          "body": "Use the highlighter to grab words or phrases that help you make mental pictures about what you are reading."
        },
        {
          "children": [],
          "body": "For each word you grab, create a list of new words or phrases that create similar mental pictures."
        }
      ],
      "body": "6 Traits® Style - Word Choice"
    }
  ],
  "6 Traits® Style - Writing Checklist for Elementary School": [
    {
      "children": [
        {
          "children": [
            {
              "children": [],
              "body": "Is my writing easy to understand and interesting?"
            },
            {
              "children": [],
              "body": "Did I write more sentences to give my main ideas more meaning?"
            }
          ],
          "body": "Ideas & Content"
        },
        {
          "children": [
            {
              "children": [],
              "body": "Do I think the beginning will make the reader want to keep reading?"
            },
            {
              "children": [],
              "body": "When I read the ending, do any questions come into my head that are not answered in the story?"
            },
            {
              "children": [],
              "body": "Do my ideas appear in the order that I want them to?"
            }
          ],
          "body": "Organization (Did I think through the order?)"
        },
        {
          "children": [
            {
              "children": [],
              "body": "Do I know who will be reading my essay?"
            },
            {
              "children": [],
              "body": "Does my writing sound friendly or is it matter-of-fact?"
            }
          ],
          "body": "Voice (Who am I talking to?)"
        },
        {
          "children": [
            {
              "children": [],
              "body": "Are my words interesting?"
            },
            {
              "children": [],
              "body": "Did I use a lot of different words?"
            }
          ],
          "body": "Word Choice (Did I make the best choices?)"
        },
        {
          "children": [
            {
              "children": [],
              "body": "Is the meaning of each sentence clear?"
            },
            {
              "children": [],
              "body": "Are all of my sentences complete? Have I checked to make sure there are no sentence fragments or incomplete sentences?"
            }
          ],
          "body": "Sentence Fluency (Did I put my sentences together correctly?)"
        },
        {
          "children": [
            {
              "children": [],
              "body": "Did I use punctuation, spelling and capitalization correctly?"
            },
            {
              "children": [],
              "body": "Did I use grammar appropriately?"
            }
          ],
          "body": "Conventions (Did I follow the rules?)"
        }
      ],
      "body": "6 Traits Style Writing Checklist for Elementary School"
    }
  ],
  "6 Traits® Style - Writing Practice for Middle School": [
    {
      "children": [
        {
          "children": [
            {
              "children": [],
              "body": "Is my writing clear, focused and interesting?"
            },
            {
              "children": [],
              "body": "Do my main ideas have supporting details?"
            },
            {
              "children": [],
              "body": "Is the purpose clear?"
            }
          ],
          "body": "Ideas & Content"
        },
        {
          "children": [
            {
              "children": [],
              "body": "Does the beginning make me want to read more?"
            },
            {
              "children": [],
              "body": "Does the ending leave me with unanswered questions that should be answered?"
            },
            {
              "children": [],
              "body": "Did I change topics smoothly (transition), or are my transitions from one topic to the next topic choppy?"
            },
            {
              "children": [],
              "body": "Do my ideas appear in an order that will make sense to the readers?"
            }
          ],
          "body": "Organization"
        },
        {
          "children": [
            {
              "children": [],
              "body": "Do I know who will be reading my essay?"
            },
            {
              "children": [],
              "body": "Did I make a purposeful choice of the tone I will use so that readers will understand it?"
            },
            {
              "children": [],
              "body": "Is my writing tone consistently friendly and personal (i.e., closeness) or is it matter-of-fact (i.e., academic)?"
            },
            {
              "children": [],
              "body": "Does my writing try to involve the reader in the story?"
            }
          ],
          "body": "Voice"
        },
        {
          "children": [
            {
              "children": [],
              "body": "Are my words interesting, strong, powerful, and accurate?"
            },
            {
              "children": [],
              "body": "Did I use a wide range of words?"
            },
            {
              "children": [],
              "body": "Do my words create lively images in the reader's mind?"
            },
            {
              "children": [],
              "body": "As I re-read my story, do the words send the message that I want to send?"
            }
          ],
          "body": "Word Choice"
        },
        {
          "children": [
            {
              "children": [],
              "body": "Do my sentences flow together easily when I read aloud?"
            },
            {
              "children": [],
              "body": "Should I re-write any sentences to make the meaning more clear?"
            },
            {
              "children": [],
              "body": "Are there any sentence fragments (i.e., incomplete sentences)?"
            },
            {
              "children": [],
              "body": "Are there any boring or confusing sentences?"
            }
          ],
          "body": "Sentence Fluency"
        },
        {
          "children": [
            {
              "children": [],
              "body": "Did I use punctuation, spelling and capitalization correctly?"
            },
            {
              "children": [],
              "body": "Did I choose good paragraph breaks so that my essay is organized?"
            },
            {
              "children": [],
              "body": "Did I use grammar appropriately?"
            }
          ],
          "body": "Conventions"
        }
      ],
      "body": "6 Traits Style - Writing Practice for Middle School"
    }
  ],
  "Argumentative Essay": [{
		"children": [{
			"children": [{
				"children": [],
				"body": "Purpose: set up and state your claim"
			}, {
				"children": [],
				"body": "Make your introductory paragraph interesting. How can you draw your readers in?"
			}, {
				"children": [],
				"body": "What background information, if any, does your reader need to know in order to understand your claim?"
			}, {
				"children": [],
				"body": "Literary work - state the author's name and title"
			}, {
				"children": [],
				"body": "Issue or theory - provide a brief explanation of your issue/theory"
			}, {
				"children": [],
				"body": "State your claim at the end of the introductory paragraph"
			}],
			"body": "Introduction"
		}, {
			"children": [{
				"children": [],
				"body": "Lay the foundation for proving your argument"
			}, {
				"children": [],
				"body": "Summarize words being discussed"
			}, {
				"children": [],
				"body": "Define key terms"
			}, {
				"children": [],
				"body": "Explain key theories"
			}],
			"body": "Background Paragraph (if not included in intro)"
		}, {
			"children": [{
				"children": [],
				"body": "Topic Sentence: One item, fact, detail, or example that will help your readers better understand your claim/topic."
			}, {
				"children": [],
				"body": "Explain Topic Sentence (if needed)."
			}, {
				"children": [],
				"body": "Introduce Evidence."
			}, {
				"children": [],
				"body": "State Evidence: Supporting reasons, examples, facts, statistics, and/or quotations to prove/support/explain your topic sentence. "
			}, {
				"children": [],
				"body": "Explain Evidence: How should the reader interpret the evidence? How does it prove your claim?"
			}, {
				"children": [],
				"body": "Concluding Sentence: Reassert how the topic sentence helps the reader understand and/or prove your paper's overall claim."
			}],
			"body": "Supporting Evidence 1- To prove your argument"
		}, {
			"children": [{
				"children": [],
				"body": "Topic Sentence: One item, fact, detail, or example that will help your readers better understand your claim/topic."
			}, {
				"children": [],
				"body": "Explain Topic Sentence (if needed)."
			}, {
				"children": [],
				"body": "Introduce Evidence."
			}, {
				"children": [],
				"body": "State Evidence: Supporting reasons, examples, facts, statistics, and/or quotations to prove/support/explain your topic sentence. "
			}, {
				"children": [],
				"body": "Explain Evidence: How should the reader interpret the evidence? How does it prove your claim?"
			}, {
				"children": [],
				"body": "Concluding Sentence: Reassert how the topic sentence helps the reader understand and/or prove your paper's overall claim."
			}],
			"body": "Supporting Evidence 2 - To prove your argument"
		}, {
			"children": [{
				"children": [],
				"body": "Topic Sentence: One item, fact, detail, or example that will help your readers better understand your claim/topic."
			}, {
				"children": [],
				"body": "Explain Topic Sentence (if needed)."
			}, {
				"children": [],
				"body": "Introduce Evidence."
			}, {
				"children": [],
				"body": "State Evidence: Supporting reasons, examples, facts, statistics, and/or quotations to prove/support/explain your topic sentence. "
			}, {
				"children": [],
				"body": "Explain Evidence: How should the reader interpret the evidence? How does it prove your claim?"
			}, {
				"children": [],
				"body": "Concluding Sentence: Reassert how the topic sentence helps the reader understand and/or prove your paper's overall claim."
			}],
			"body": "Supporting Evidence Paragraph 3 - To prove your argument"
		}, {
			"children": [{
				"children": [],
				"body": "Arguments against your claim and/or an aspect of your reasoning."
			}, {
				"children": [],
				"body": "Refute counterargument."
			}, {
				"children": [],
				"body": "Concluding sentence that reasserts your claim."
			}],
			"body": "Counterargument - Anticipate and refute objections"
		}, {
			"children": [{
				"children": [],
				"body": "Remind readers of your argument and supporting evidence."
			}, {
				"children": [],
				"body": "restate your paper's overall claim and supporting evidence."
			}],
			"body": "Conclusion Part 1: Sum up Paragraph"
		}, {
			"children": [{
				"children": [],
				"body": "Why should the reader care about your claim?"
			}, {
				"children": [],
				"body": "What is the significance of your claim?"
			}, {
				"children": [],
				"body": "Why is it important to you as the writer?"
			}, {
				"children": [],
				"body": "Why is it important to the reader?"
			}, {
				"children": [],
				"body": "What should the reader take away from your claim?"
			}],
			"body": "Conclusion Part 2: So What..."
		}],
		"body": "Argumentative Essay"
	}],
	"Close Reading": [
    {
      "children": [
            {
            "children": [
	            {
		          "children": [],
		          "body": "Preview the text by looking at the headings and images."
		        },
	            {
			      "children": [],
			      "body": "What do you know about the topic?"
		        }
	       ],
	       "body": "Pre-Reading"
           },
           {
           "children": [
		        {
			        "children": [],
			        "body": "What is the main gist of the text?"
		        }
	            ],
            "body": "1st Reading - What the text says"
            },
            {
          "children": [
               {
                  "children": [],
	              "body": "How did the author organize the text?"
	            },
	            {
	              "children": [],
	              "body": "What literary devices were used and were they effective? (alliteration, allusion, anaphora, antithesis, euphemism, foreshadowing, hyperbole, idiom, imagery, metaphor, oxymoron, parallelism, personification, satire, simile, understatement)"
	            },
	            {
	              "children": [],
	              "body": "What is the quality of the evidence?"
	            },
	            {
	              "children": [],
	              "body": "Was data used? How was it used?"
	            },
	            {
		            "children": [],
		            "body": "Were there visuals (diagrams, tables, illustrations)? How were they used?"
	            },
	            {
		            "children": [],
		            "body": "Pick a word or phrase that you find interesting. Why did the author chose that word or phrase?"
	            }
                ],
        "body": "2nd Reading - How it says it"
           },
           {
        "children": [
                {
	              "children": [],
		          "body": "What does the text mean?"
	            },
	            {
	              "children": [],
	              "body": "What was the author's point?"
	            },
	            {
	              "children": [],
	              "body": "What does it have to say about my life or my world?"
	            },
	            {
	              "children": [],
	              "body": "How do I feel about the quality of this work? (aesthetically and/or substantively)"
	            },
	            {
		            "children": [],
		            "body": "How does this text connect to other texts I know?"
	            } 
			],
          "body": "3rd Reading - What it means"
            },
            {
          "children": [
                {
                  "children": [],
	              "body": "How do I know?"
	            },
	            {
	              "children": [],
	              "body": "What in the text tells me this?"
	            },
	            {
	              "children": [],
	              "body": "What's the evidence?"
	            }
          ],
          "body": "Go back and view your claims. Ask yourself..."
          }
      ],
      "body": "Close Reading"
    }
  ],  
    "Cornell Note-taking System": [
    {
      "children": [
        {
          "children": [],
          "body": "Record: Record your notes using telegraphic sentences (5 words or less)."
        },
        {
          "children": [],
          "body": "Questions: As soon as possible, think of questions based on the notes. Questions help clarify meanings, reveal relationships, establish continuity, and strengthen memory."
        },
        {
          "children": [],
          "body": "Recite: Looking at the questions, say aloud, in your own words, the answers to the questions, facts, or ideas."
        },
        {
          "children": [],
          "body": "Reflect: Reflect on the material by asking yourself questions. For example: What's the significance of these facts? What principle are they based on? How can I apply them? How do they fit in with what I already know? What's beyond them?"
        },
        {
          "children": [],
          "body": "Review: Spend at least ten minutes every week reviewing all your previous notes."
        }
      ],
      "body": "Cornell Note-taking System"
    }
  ],
    "CRISS® Style - Authentic Questions": [
    {
      "children": [
        {
          "children": [],
          "body": "Use the highlighter to select text or words you have questions about. Then create a note to ask your questions."
        },
        {
          "children": [],
          "body": "I have a question about..."
        },
        {
          "children": [],
          "body": "I have a question about..."
        },
        {
          "children": [],
          "body": "I have a question about..."
        },
        {
          "children": [],
          "body": "I have a question about..."
        },
        {
          "children": [],
          "body": "I have a question about..."
        },
        {
          "children": [],
          "body": "I have a question about..."
        }
      ],
      "body": "CRISS® Style - Authentic Questions"
    }
  ],
  "CRISS® Style - Concept Mapping": [
    {
      "children": [
        {
          "children": [
            {
              "children": [
                {
                  "children": [],
                  "body": "..."
                }
              ],
              "body": "The Title"
            },
            {
              "children": [
                {
                  "children": [],
                  "body": "..."
                }
              ],
              "body": "The Author"
            }
          ],
          "body": "The Story or Book"
        },
        {
          "children": [
            {
              "children": [
                {
                  "children": [],
                  "body": "..."
                }
              ],
              "body": "Time"
            },
            {
              "children": [
                {
                  "children": [],
                  "body": "..."
                }
              ],
              "body": "Place"
            }
          ],
          "body": "The Setting (When and Where)"
        },
        {
          "children": [],
          "body": "Main Characters"
        }
      ],
      "body": "CRISS® Style - Concept Mapping"
    }
  ],
  "CRISS® Style - Highlighting": [
    {
      "children": [
        {
          "children": [
            {
              "children": [],
              "body": "Supporting Detail"
            },
            {
              "children": [],
              "body": "Specific Fact"
            },
            {
              "children": [],
              "body": "Specific Example"
            }
          ],
          "body": "Main Idea"
        },
        {
          "children": [
            {
              "children": [],
              "body": "Supporting Detail"
            },
            {
              "children": [],
              "body": "Specific Fact"
            },
            {
              "children": [],
              "body": "Specific Example"
            }
          ],
          "body": "Main Idea"
        },
        {
          "children": [
            {
              "children": [],
              "body": "Supporting Detail"
            },
            {
              "children": [],
              "body": "Specific Fact"
            },
            {
              "children": [],
              "body": "Specific Example"
            }
          ],
          "body": "Main Idea"
        },
        {
          "children": [
            {
              "children": [],
              "body": "Supporting Detail"
            },
            {
              "children": [],
              "body": "Specific Fact"
            },
            {
              "children": [],
              "body": "Specific Example"
            }
          ],
          "body": "Main Idea"
        },
        {
          "children": [
            {
              "children": [],
              "body": "Supporting Detail"
            },
            {
              "children": [],
              "body": "Specific Fact"
            },
            {
              "children": [],
              "body": "Specific Example"
            }
          ],
          "body": "Main Idea"
        }
      ],
      "body": "CRISS® Style - Highlighting"
    }
  ],
  "CRISS® Style - Power Notes": [
    {
      "children": [
        {
          "children": [],
          "body": "Use this structure to organize your thoughts while reading and/or to develop a paragraph."
        },
        {
          "children": [
            {
              "children": [
                {
                  "children": [
                    {
                      "children": [],
                      "body": "Power 4 = Detail or supportive information for Power 3. above."
                    }
                  ],
                  "body": "Power 3 = Detail or supportive information for Power 2 above."
                }
              ],
              "body": "Power 2 = Detail or supportive information for Power 1 above."
            }
          ],
          "body": "Power 1 = Main Idea of the information."
        }
      ],
      "body": "CRISS® Power Notes"
    }
  ],
  "CRISS® Style - Sticky Notes": [
    {
      "children": [
        {
          "children": [],
          "body": "Use the highlighter to grab text that fits under each category. Add a note with your thoughts, if desired."
        },
        {
          "children": [],
          "body": "Questions"
        },
        {
          "children": [],
          "body": "Humorous"
        },
        {
          "children": [],
          "body": "Interesting"
        },
        {
          "children": [],
          "body": "Connections"
        },
        {
          "children": [],
          "body": "Visualize"
        }
      ],
      "body": "CRISS® Style - Sticky Notes"
    }
  ],
  "Fiction - Beginning Middle End": [
    {
      "children": [
        {
          "children": [],
          "body": "Beginning"
        },
        {
          "children": [],
          "body": "Middle"
        },
        {
          "children": [],
          "body": "End"
        }
      ],
      "body": "Fiction - - Beginning Middle End"
    }
  ],
  "Fiction - Book Report Notes": [
    {
      "children": [
        {
          "children": [],
          "body": "Title"
        },
        {
          "children": [],
          "body": "Author"
        },
        {
          "children": [
            {
              "children": [],
              "body": "Place"
            },
            {
              "children": [],
              "body": "Time"
            }
          ],
          "body": "Setting"
        },
        {
          "children": [
            {
              "children": [],
              "body": "Main Character"
            },
            {
              "children": [],
              "body": "Other Characters"
            }
          ],
          "body": "Characters"
        },
        {
          "children": [],
          "body": "Conflict"
        },
        {
          "children": [],
          "body": "Resolution"
        },
        {
          "children": [],
          "body": "Your Thoughts"
        }
      ],
      "body": "Fiction - Book Report Notes"
    }
  ],
  "Fiction - Character Map": [
    {
      "children": [
        {
          "children": [],
          "body": "Character name"
        },
        {
          "children": [],
          "body": "What the character says or does."
        },
        {
          "children": [],
          "body": "What kind of person is the character?"
        }
      ],
      "body": "Fiction - Character Map"
    }
  ],
  "Fiction - Compare and Contrast Characters": [
    {
      "children": [
        {
          "children": [
            {
              "children": [],
              "body": "Name"
            },
            {
              "children": [],
              "body": "Acts like"
            },
            {
              "children": [],
              "body": "Looks like"
            },
            {
              "children": [],
              "body": "Feels like"
            },
            {
              "children": [],
              "body": "Thinks about"
            }
          ],
          "body": "Character 1"
        },
        {
          "children": [
            {
              "children": [],
              "body": "Name"
            },
            {
              "children": [],
              "body": "Acts like"
            },
            {
              "children": [],
              "body": "Looks like"
            },
            {
              "children": [],
              "body": "Feels like"
            },
            {
              "children": [],
              "body": "Thinks about"
            }
          ],
          "body": "Character 2"
        },
        {
          "children": [],
          "body": "What's the same?"
        },
        {
          "children": [],
          "body": "What's different?"
        }
      ],
      "body": "Fiction - Compare and Contrast Characters"
    }
  ],
  "Fiction - DRTA": [
    {
      "children": [
        {
          "children": [
            {
              "children": [],
              "body": "Make Prediction"
            },
            {
              "children": [],
              "body": "Check Prediction"
            }
          ],
          "body": "Title"
        },
        {
          "children": [
            {
              "children": [],
              "body": "Make Prediction"
            },
            {
              "children": [],
              "body": "Check Prediction"
            }
          ],
          "body": "Next Section"
        },
        {
          "children": [
            {
              "children": [],
              "body": "Make Prediction"
            },
            {
              "children": [],
              "body": "Check Prediction"
            }
          ],
          "body": "Next Section"
        },
        {
          "children": [
            {
              "children": [],
              "body": "Make Prediction"
            },
            {
              "children": [],
              "body": "Check Prediction"
            }
          ],
          "body": "Next Section"
        },
        {
          "children": [
            {
              "children": [],
              "body": "Make Prediction"
            },
            {
              "children": [],
              "body": "Check Prediction"
            }
          ],
          "body": "Next Section"
        },
        {
          "children": [
            {
              "children": [],
              "body": "Make Prediction"
            },
            {
              "children": [],
              "body": "Check Prediction"
            }
          ],
          "body": "Next Section"
        },
        {
          "children": [
            {
              "children": [],
              "body": "Make Prediction"
            },
            {
              "children": [],
              "body": "Check Prediction"
            }
          ],
          "body": "Next Section"
        }
      ],
      "body": "Fiction - DRTA"
    }
  ],
  "Fiction - GIST": [
    {
      "children": [
        {
          "children": [],
          "body": "Highlight 5 to 7 most important words."
        },
        {
          "children": [
            {
              "children": [],
              "body": "...."
            }
          ],
          "body": "Write a summary."
        },
        {
          "children": [],
          "body": "Notes"
        }
      ],
      "body": "Fiction - GIST"
    }
  ],
  "Fiction - Identify Parts of a Paragraph": [
    {
      "children": [
        {
          "children": [],
          "body": "Topic Sentence"
        },
        {
          "children": [],
          "body": "Body Sentences"
        },
        {
          "children": [],
          "body": "Closing Sentence"
        }
      ],
      "body": "Fiction - Identify Parts of a Paragraph"
    }
  ],
  "Fiction - Note Taking with Highlighters": [
    {
      "children": [
        {
          "children": [],
          "body": "What makes me think of a question?"
        },
        {
          "children": [],
          "body": "What do I find funny?"
        },
        {
          "children": [],
          "body": "What do I find interesting?"
        },
        {
          "children": [],
          "body": "What do I make connections with?"
        },
        {
          "children": [],
          "body": "What makes pictures come into my mind?"
        }
      ],
      "body": "Fiction - Note Taking with Highlighters"
    }
  ],
  "Fiction - Preview Text": [
    {
      "children": [
        {
          "children": [],
          "body": "Title"
        },
        {
          "children": [],
          "body": "Cover"
        },
        {
          "children": [],
          "body": "Table of Contents"
        },
        {
          "children": [],
          "body": "Introduction"
        },
        {
          "children": [],
          "body": "Pictures and Captions"
        }
      ],
      "body": "Fiction - Preview Text"
    }
  ],
  "Fiction - Story Frame": [
    {
      "children": [
        {
          "children": [],
          "body": "Problem starts when"
        },
        {
          "children": [],
          "body": "After that"
        },
        {
          "children": [],
          "body": "Next"
        },
        {
          "children": [],
          "body": "Then"
        },
        {
          "children": [],
          "body": "Problem solved when"
        },
        {
          "children": [],
          "body": "Story ends with"
        }
      ],
      "body": "Fiction - Story Frame"
    }
  ],
  "Fiction - Story Map": [
    {
      "children": [
        {
          "children": [],
          "body": "Title"
        },
        {
          "children": [],
          "body": "Author"
        },
        {
          "children": [
            {
              "children": [],
              "body": "Place"
            },
            {
              "children": [],
              "body": "Time"
            }
          ],
          "body": "Setting"
        },
        {
          "children": [
            {
              "children": [],
              "body": "Main Character"
            },
            {
              "children": [],
              "body": "Other Characters"
            }
          ],
          "body": "Characters"
        },
        {
          "children": [],
          "body": "Conflict"
        },
        {
          "children": [],
          "body": "Action"
        },
        {
          "children": [],
          "body": "Resolution"
        },
        {
          "children": [],
          "body": "Theme"
        },
        {
          "children": [],
          "body": "My Thoughts"
        }
      ],
      "body": "Fiction - Story Map"
    }
  ],
    "Fiction - Write a Creative Passage": [
    {
      "children": [
        {
          "children": [
            {
              "children": [],
              "body": "..."
            },
            {
              "children": [],
              "body": "..."
            },
            {
              "children": [],
              "body": "..."
            }
          ],
          "body": "Beginning"
        },
        {
          "children": [
            {
              "children": [],
              "body": "..."
            },
            {
              "children": [],
              "body": "..."
            },
            {
              "children": [],
              "body": "..."
            }
          ],
          "body": "Middle"
        },
        {
          "children": [
            {
              "children": [],
              "body": "..."
            },
            {
              "children": [],
              "body": "..."
            },
            {
              "children": [],
              "body": "..."
            }
          ],
          "body": "End"
        }
      ],
      "body": "Fiction - Write a Creative Passage"
    }
  ],
  "Nonfiction - Before During After": [
    {
      "children": [
        {
          "children": [],
          "body": "Before"
        },
        {
          "children": [],
          "body": "During"
        },
        {
          "children": [],
          "body": "After"
        }
      ],
      "body": "Nonfiction - Before During After"
    }
  ],
  "Nonfiction - Cause and Effect": [
    {
      "children": [
        {
          "children": [],
          "body": "Cause"
        },
        {
          "children": [],
          "body": "Effect"
        }
      ],
      "body": "Nonfiction - Cause and Effect"
    }
  ],
  "Nonfiction - Closest-Farthest": [
    {
      "children": [
        {
          "children": [],
          "body": "Closest"
        },
        {
          "children": [],
          "body": "Next Closest"
        },
        {
          "children": [],
          "body": "Farther"
        },
        {
          "children": [],
          "body": "Farthest"
        }
      ],
      "body": "Nonfiction - Closest-Farthest"
    }
  ],
  "Nonfiction - Compare and Contrast": [
    {
      "children": [
        {
          "children": [],
          "body": "Topic 1 Characteristics"
        },
        {
          "children": [],
          "body": "Topic 2 Characteristics"
        },
        {
          "children": [],
          "body": "What is the Same?"
        },
        {
          "children": [],
          "body": "What is Different?"
        }
      ],
      "body": "Nonfiction - Compare and Contrast"
    }
  ],
  "Nonfiction - Directed Reading & Thinking Activity (DRTA)": [
    {
      "children": [
        {
          "children": [],
          "body": "Title"
        },
        {
          "children": [],
          "body": "Headings"
        },
        {
          "children": [],
          "body": "Make Prediction"
        },
        {
          "children": [],
          "body": "Read"
        },
        {
          "children": [],
          "body": "Check Prediction"
        }
      ],
      "body": "Nonfiction - Directed Reading & Thinking Activity (DRTA)"
    }
  ],
  "Nonfiction - GIST": [
    {
      "children": [
        {
          "children": [],
          "body": "Highlight 5 to 7 most important words."
        },
        {
          "children": [
            {
              "children": [],
              "body": "...."
            }
          ],
          "body": "Write a summary."
        },
        {
          "children": [],
          "body": "Notes"
        }
      ],
      "body": "Nonfiction - GIST"
    }
  ],
  "Nonfiction - KWL": [
    {
      "children": [
        {
          "children": [],
          "body": "What I know."
        },
        {
          "children": [],
          "body": "What I want to know."
        },
        {
          "children": [],
          "body": "What I learned."
        }
      ],
      "body": "Nonfiction - KWL"
    }
  ],
  "Nonfiction - Main Ideas and Support Details": [
    {
      "children": [
        {
          "children": [
            {
              "children": [],
              "body": "Supporting Detail"
            }
          ],
          "body": "Main Idea"
        },
        {
          "children": [
            {
              "children": [],
              "body": "Supporting Detail"
            }
          ],
          "body": "Main Idea"
        },
        {
          "children": [
            {
              "children": [],
              "body": "Supporting Detail"
            }
          ],
          "body": "Main Idea"
        },
        {
          "children": [
            {
              "children": [],
              "body": "Supporting Detail"
            }
          ],
          "body": "Main Idea"
        },
        {
          "children": [
            {
              "children": [],
              "body": "Supporting Detail"
            }
          ],
          "body": "Main Idea"
        },
        {
          "children": [
            {
              "children": [],
              "body": "Supporting Detail"
            }
          ],
          "body": "Main Idea"
        },
        {
          "children": [],
          "body": "Notes"
        }
      ],
      "body": "Nonfiction - Main Ideas and Support Details"
    }
  ],
  "Nonfiction - MEL-Con Paragraph": [
    {
      "children": [
        {
          "children": [],
          "body": "Main: Topic sentence"
        },
        {
          "children": [],
          "body": "Example or Evidence (facts)"
        },
        {
          "children": [],
          "body": "Link to topic (explain)"
        },
        {
          "children": [],
          "body": "Example or Evidence (facts)"
        },
        {
          "children": [],
          "body": "Link to topic (explain)"
        },
        {
          "children": [],
          "body": "Example or Evidence (facts)"
        },
        {
          "children": [],
          "body": "Link to topic (explain)"
        },
        {
          "children": [],
          "body": "Con: Concluding Statement / Recap your three examples"
        }
      ],
      "body": "MEL-Con Paragraph"
    }
  ],
  "Nonfiction - Preview Text": [
    {
      "children": [
        {
          "children": [],
          "body": "Title"
        },
        {
          "children": [],
          "body": "Introduction"
        },
        {
          "children": [],
          "body": "Chapter headings"
        },
        {
          "children": [],
          "body": "Chapter questions"
        },
        {
          "children": [],
          "body": "Bolded words"
        },
        {
          "children": [],
          "body": "Graphs and charts"
        },
        {
          "children": [],
          "body": "Pictures and captions"
        }
      ],
      "body": "Nonfiction - Preview Text"
    }
  ],
  "Nonfiction - Process Frame": [
    {
      "children": [
        {
          "children": [],
          "body": "The first part of the process is..."
        },
        {
          "children": [],
          "body": "The next part of the process is..."
        },
        {
          "children": [],
          "body": "The third part of the process is..."
        },
        {
          "children": [],
          "body": "It is interesting to learn..."
        }
      ],
      "body": "Nonfiction - Process Frame"
    }
  ],
  "Nonfiction - Proposition-Support Outline": [
    {
      "children": [
        {
          "children": [],
          "body": "Topic"
        },
        {
          "children": [],
          "body": "Proposition"
        },
        {
          "children": [],
          "body": "Facts"
        },
        {
          "children": [],
          "body": "Statistics"
        },
        {
          "children": [],
          "body": "Examples"
        },
        {
          "children": [],
          "body": "Expert Authority"
        },
        {
          "children": [],
          "body": "Logic & Reasoning"
        }
      ],
      "body": "Nonfiction - Proposition-Support Outline"
    }
  ],
  "Nonfiction - Questions Facts Connections": [
    {
      "children": [
        {
          "children": [],
          "body": "Questions"
        },
        {
          "children": [],
          "body": "Facts"
        },
        {
          "children": [],
          "body": "Connections"
        }
      ],
      "body": "Nonfiction - Questions Facts Connections"
    }
  ],
  "Nonfiction - Sequence of a Major Event": [
    {
      "children": [
        {
          "children": [],
          "body": "Years Before the Event."
        },
        {
          "children": [],
          "body": "Months Before the Event."
        },
        {
          "children": [],
          "body": "Days Before the Event."
        },
        {
          "children": [],
          "body": "On the Day of the Event."
        },
        {
          "children": [],
          "body": "After the Event."
        }
      ],
      "body": "Nonfiction - Sequence of a Major Event"
    }
  ],
  "Nonfiction - Sequencing 1st, 2nd, 3rd": [
    {
      "children": [
        {
          "children": [],
          "body": "1st"
        },
        {
          "children": [],
          "body": "2nd"
        },
        {
          "children": [],
          "body": "3rd"
        },
        {
          "children": [],
          "body": "Then..."
        }
      ],
      "body": "Nonfiction - Sequencing 1st, 2nd, 3rd"
    }
  ],
  "Nonfiction - Sequencing Step-by-step": [
    {
      "children": [
        {
          "children": [],
          "body": "First..."
        },
        {
          "children": [],
          "body": "Then..."
        },
        {
          "children": [],
          "body": "Then..."
        },
        {
          "children": [],
          "body": "Then..."
        },
        {
          "children": [],
          "body": "Then..."
        }
      ],
      "body": "Nonfiction - Sequencing Step-by-step"
    }
  ],
  "Nonfiction - SQ3R": [
    {
      "children": [
        {
          "children": [
            {
              "children": [],
              "body": "Title"
            },
            {
              "children": [],
              "body": "Headings/First Sentences"
            },
            {
              "children": [],
              "body": "Illustrations"
            },
            {
              "children": [],
              "body": "First Paragraph"
            },
            {
              "children": [],
              "body": "Last Paragraph or Summary"
            }
          ],
          "body": "Survey"
        },
        {
          "children": [],
          "body": "Question"
        },
        {
          "children": [],
          "body": "Read Actively"
        },
        {
          "children": [],
          "body": "Recite Answers"
        },
        {
          "children": [
            {
              "children": [],
              "body": "Summarize"
            }
          ],
          "body": "Review"
        }
      ],
      "body": "Nonfiction - SQ3R"
    }
  ],
  "Nonfiction - Vocabulary Concept Map": [
    {
      "children": [
        {
          "children": [],
          "body": "Word"
        },
        {
          "children": [],
          "body": "Category"
        },
        {
          "children": [],
          "body": "Comparisons"
        },
        {
          "children": [],
          "body": "Properties"
        },
        {
          "children": [],
          "body": "Examples"
        }
      ],
      "body": "Nonfiction - Vocabulary Concept Map"
    }
  ],
  "Nonfiction - Vocabulary Study": [
    {
      "children": [
        {
          "children": [],
          "body": "Word"
        },
        {
          "children": [],
          "body": "Sentence it's in."
        },
        {
          "children": [],
          "body": "I think it means..."
        },
        {
          "children": [],
          "body": "Expert definitions (ask others)."
        },
        {
          "children": [],
          "body": "Antonyms"
        },
        {
          "children": [],
          "body": "Synonyms"
        },
        {
          "children": [],
          "body": "What helps me remember this word?"
        }
      ],
      "body": "Nonfiction - Vocabulary Study"
    }
  ],
  "Nonfiction - Write a 3-paragraph Essay": [
    {
      "children": [
        {
          "children": [
            {
              "children": [],
              "body": "My essay is about:"
            },
            {
              "children": [
                {
                  "children": [],
                  "body": "Idea 1:"
                },
                {
                  "children": [],
                  "body": "Idea 2:"
                }
              ],
              "body": "Ways to introduce my topic"
            }
          ],
          "body": "Introduce my topic"
        },
        {
          "children": [
            {
              "children": [],
              "body": "Detail 1:"
            },
            {
              "children": [],
              "body": "Detail 2:"
            },
            {
              "children": [],
              "body": "Detail 3:"
            }
          ],
          "body": "Supporting Details"
        },
        {
          "children": [
            {
              "children": [
                {
                  "children": [],
                  "body": "One thing to remember:"
                },
                {
                  "children": [],
                  "body": "Another thing to remember:"
                }
              ],
              "body": "Summarize"
            },
            {
              "children": [
                {
                  "children": [],
                  "body": "Reason 1:"
                },
                {
                  "children": [],
                  "body": "Reason 2:"
                }
              ],
              "body": "Why this is important to Me"
            }
          ],
          "body": "Conclusion"
        }
      ],
      "body": "Nonfiction - Write a 3-paragraph Essay"
    }
  ],
    "Nonfiction - Write a 3-paragraph Persuasive Essay": [
    {
      "children": [
        {
          "children": [
            {
              "children": [],
              "body": "I want to convince the reader to..."
            },
            {
              "children": [
                {
                  "children": [],
                  "body": "Idea 1:"
                },
                {
                  "children": [],
                  "body": "Idea 2:"
                }
              ],
              "body": "Why this is important?"
            }
          ],
          "body": "My Goal"
        },
        {
          "children": [
            {
              "children": [
                {
                  "children": [],
                  "body": "Supporting Fact"
                }
              ],
              "body": "Reason 1:"
            },
            {
              "children": [
                {
                  "children": [],
                  "body": "Supporting Fact"
                }
              ],
              "body": "Reason 2:"
            },
            {
              "children": [
                {
                  "children": [],
                  "body": "Supporting Fact"
                }
              ],
              "body": "Reason 3:"
            }
          ],
          "body": "Three Main Reasons"
        },
        {
          "children": [
            {
              "children": [
                {
                  "children": [],
                  "body": "One thing to remember:"
                },
                {
                  "children": [],
                  "body": "Another thing to remember:"
                }
              ],
              "body": "Summarize:"
            }
          ],
          "body": "Conclusion"
        }
      ],
      "body": "Nonfiction - Write a 3-paragraph Persuasive Essay"
    }
  ],
  "Nonfiction - Write a 5-paragraph Essay": [
    {
      "children": [
        {
          "children": [
            {
              "children": [],
              "body": "My essay is about:"
            },
            {
              "children": [
                {
                  "children": [],
                  "body": "Idea 1:"
                },
                {
                  "children": [],
                  "body": "Idea 2:"
                }
              ],
              "body": "Ways to introduce my topic"
            },
            {
              "children": [
                {
                  "children": [],
                  "body": "Reason 1:"
                },
                {
                  "children": [],
                  "body": "Reason 2:"
                }
              ],
              "body": "Why this topic is important"
            }
          ],
          "body": "Introduce my topic"
        },
        {
          "children": [
            {
              "children": [
                {
                  "children": [],
                  "body": "Supporting Detail:"
                },
                {
                  "children": [],
                  "body": "Supporting Detail:"
                },
                {
                  "children": [],
                  "body": "Supporting Detail:"
                }
              ],
              "body": "Example 1:"
            },
            {
              "children": [
                {
                  "children": [],
                  "body": "Supporting Detail:"
                },
                {
                  "children": [],
                  "body": "Supporting Detail:"
                },
                {
                  "children": [],
                  "body": "Supporting Detail:"
                }
              ],
              "body": "Example 2:"
            },
            {
              "children": [
                {
                  "children": [],
                  "body": "Supporting Detail:"
                },
                {
                  "children": [],
                  "body": "Supporting Detail:"
                },
                {
                  "children": [],
                  "body": "Supporting Detail:"
                }
              ],
              "body": "Example 3:"
            }
          ],
          "body": "Examples and Supporting Details"
        },
        {
          "children": [
            {
              "children": [
                {
                  "children": [],
                  "body": "One thing to remember:"
                }
              ],
              "body": "Summarize"
            }
          ],
          "body": "Conclusion"
        }
      ],
      "body": "Nonfiction - Write a 5-paragraph Essay"
    }
  ],
  "Nonfiction - Write a Biography Book Report": [
    {
      "children": [
        {
          "children": [
            {
              "children": [],
              "body": "Title"
            },
            {
              "children": [],
              "body": "Author"
            },
            {
              "children": [],
              "body": "Publisher"
            },
            {
              "children": [],
              "body": "Date the book was published"
            }
          ],
          "body": "The Book"
        },
        {
          "children": [
            {
              "children": [],
              "body": "Date of birth"
            },
            {
              "children": [],
              "body": "Place of birth"
            },
            {
              "children": [],
              "body": "Family"
            },
            {
              "children": [],
              "body": "Childhood"
            },
            {
              "children": [],
              "body": "Young adulthood"
            }
          ],
          "body": "Early Life"
        },
        {
          "children": [
            {
              "children": [],
              "body": "Kind of work"
            },
            {
              "children": [],
              "body": "Why this person was famous or important."
            },
            {
              "children": [],
              "body": "Important things this person did."
            }
          ],
          "body": "Adult Life"
        },
        {
          "children": [
            {
              "children": [],
              "body": "What I think about this person."
            },
            {
              "children": [],
              "body": "What this person did to change the world."
            }
          ],
          "body": "My Opinion"
        }
      ],
      "body": "Nonfiction - Write a Biography Book Report"
    }
  ],
  "Nonfiction - Write a Descriptive Paragraph": [
    {
      "children": [
        {
          "children": [],
          "body": "Topic Sentence"
        },
        {
          "children": [
            {
              "children": [],
              "body": "Sentence"
            },
            {
              "children": [],
              "body": "Sentence"
            },
            {
              "children": [],
              "body": "Sentence"
            },
            {
              "children": [],
              "body": "Sentence"
            },
            {
              "children": [],
              "body": "Sentence"
            },
            {
              "children": [],
              "body": "Sentence"
            }
          ],
          "body": "Body Sentences"
        },
        {
          "children": [],
          "body": "Closing Sentence"
        }
      ],
      "body": "Nonfiction - Write a Descriptive Paragraph"
    }
  ],
  "SRSD - CDO": [
    {
      "children": [
        {
	      "children": [],
          "body": "Compare: Read the sentence."
        },
        {
          "children": [
            {
              "children": [],
              "body": "This doesn't sound right."
            },
            {
              "children": [],
              "body": "This is not what I intended to say."
            },
            {
              "children": [],
              "body": "This is not useful to my paper."
            },
            {
              "children": [],
              "body": "This is good."
            },
            {
              "children": [],
              "body": "People may not understand this part."
            },
            {
              "children": [],
              "body": "People won't be interested in this part."
            },
            {
              "children": [],
              "body": "People won't believe this part."
            }
            ],
          "body": "Diagnose: What best describes the sentence?"
        },
        {
          "children": [
            {
              "children": [],
              "body": "Rewrite."
            },
            {
              "children": [],
              "body": "Add more."
            },
            {
              "children": [],
              "body": "Leave this part out."
            },
            {
              "children": [],
              "body": "Change the wording."
            }
            ],
          "body": "Operate: Choose what to do."
        },
        {
          "children": [],
          "body": "Make your revision."
        }
      ],
      "body": "SRSD - CDO"
    }
  ],
  "SRSD - COPS": [
    {
      "children": [
        {
          "children": [],
          "body": "Have I Capitalized the first word and proper nouns?"
        },
        {
          "children": [],
          "body": "How is the Overall appearance?"
        },
        {
          "children": [],
          "body": "Have I used end Punctuation, commas, and semicolons correctly?"
        },
        {
          "children": [],
          "body": "Do the words look like they are Spelled right? Can I sound them out, or should I use a dictionary?"
        }
      ],
      "body": "SRSD - COPS"
    }
  ],
  "SRSD - Edit Strategy": [
    {
      "children": [
        {
          "children": [
            {
              "children": [],
              "body": "Sentences: Is each sentence complete?"
            },
            {
              "children": [],
              "body": "Capitals: Are first letters of sentences capitalized? Are proper nouns capitalized?"
            },
            {
              "children": [],
              "body": "Punctuation: Is there punctuation at the end of each sentence?"
            },
            {
              "children": [],
              "body": "Spelling: Find words (if any) that are not spelled correctly"
            }
            ],
          "body": "Check the writer's paper for errors in:"
        },
        {
          "children": [],
          "body": "Your suggestions."
        }
      ],
      "body": "SRSD - Edit Strategy"
    }
  ],
   "SRSD - GIST": [
    {
      "children": [
        {
          "children": [
            {
              "children": [],
              "body": "Is the text primarily about a person, place, or thing?"
            },
            {
              "children": [],
              "body": "Which person, place, or thing is being discussed?"
            },
            {
              "children": [],
              "body": "What is the  main thing being said about the person, place, or thing?"
            },
            {
              "children": [],
              "body": "Write a sentence restating what the paragraph is about."
            }
          ],
          "body": "Use GIST for each paragraph."
        }
      ],
      "body": "SRSD - GIST"
    }
  ], 
    "SRSD - PLAN and WRITE": [
    {
      "children": [
        {
          "children": [
	          {
		          "children": [],
		          "body": "What are you being asked to write about?"
	          }
          ],
          "body": "Pay attention to the prompt."
        },
        {
          "children": [],
          "body": "List the main ideas."
        },
        {
          "children": [],
          "body": "Add supporting ideas."
        },
        {
          "children": [],
          "body": "Number the major points (or ideas)."
        },
        {
          "children": [],
          "body": "Work from your plan to develop your thesis statement."
        },
        {
          "children": [],
          "body": "Remember your goals."
        },
        {
          "children": [
	          {
		          "children": [],
		          "body": "Also"
	          },
	          {
		          "children": [],
		          "body": "As a result"
        	  },
        	  {
		          "children": [],
		          "body": "Comparatively"
        	  },
        	  {
		          "children": [],
		          "body": "Except"
        	  },
        	  {
		          "children": [],
		          "body": "First, second, third... finally"
        	  },
        	  {
		          "children": [],
		          "body": "Furthermore"
        	  },
        	  {
		          "children": [],
		          "body": "In summary"
        	  },
        	  {
		          "children": [],
		          "body": "Next"
        	  },
        	  {
		          "children": [],
		          "body": "Particularly"
        	  }   	  
          ],
          "body": "Include transition words."
        },
        {
          "children": [],
          "body": "Try to use different kinds of sentences."
    	},
    	{
          "children": [],
          "body": "Exciting, interesting words."
    	}
      ],
      "body": "SRSD - PLAN and WRITE"
    }
  ],
  "SRSD - PLANS": [
    {
      "children": [
        {
          "children": [
            {
              "children": [],
              "body": "Pick goals"
            },
            {
              "children": [],
              "body": "List ways to meet goals."
            },
            {
              "children": [],
              "body": "And make Notes."
            },
            {
              "children": [],
              "body": "Sequence notes"
            }
          ],
          "body": "Use PLANS to plan your paper."
        },
        {
          "children": [],
          "body": "Write and say more."
        },
        {
          "children": [],
          "body": "Check to see that each goal was met."
        }
      ],
      "body": "SRSD - PLANS"
    }
  ],
  "SRSD - PLEASE": [
    {
      "children": [
        {
          "children": [],
          "body": "Pick a topic."
        },
        {
          "children": [],
          "body": "List your ideas about the topic."
        },
        {
          "children": [],
          "body": "Evaluate your list."
        },
        {
          "children": [],
          "body": "Activate the paragraph with a topic sentence."
        },
        {
          "children": [],
          "body": "Supply supporting sentences."
        },
        {
          "children": [],
          "body": "End with a concluding sentence and Evaluate your work."
        }
      ],
      "body": "SRSD - PLEASE"
    }
  ],
  "SRSD - POWER Compare/Contrast": [
    {
      "children": [
        {
          "children": [
            {
              "children": [],
              "body": "Topic"
            },
            {
              "children": [],
              "body": "Who am I writing for?"
            },
            {
              "children": [],
              "body": "Why am I writing this?"
            },
            {
              "children": [],
              "body": "What do I already know about my topic? (Brainstorm)"
            },
            {
              "children": [],
              "body": "How do I group my ideas?"
            }
          ],
          "body": "Plan"
        },
        {
          "children": [
            {
              "children": [],
              "body": "What is being compared/contrasted?"
            },
            {
              "children": [],
              "body": "Alike?"
            },
            {
              "children": [],
              "body": "Different?"
            }
          ],
          "body": "Organize"
        },
        {
          "children": [],
          "body": "Write (First Draft)"
        },
        {
          "children": [
            {
              "children": [
	            {
	              "children": [],
	              "body": "What is my paper mainly about?"
	            },
	            {
	              "children": [],
	              "body": "What do I like best? Explain why."
	            },
	            {
	              "children": [],
	              "body": "What parts are not clear? Why aren't they clear?"
	            },
	            {
	              "children": [],
	              "body": "Is the paper interesting? Why or why not?"
	            }
            ],
            "body": "Read to check information."
            },
            {
              "children": [
	              {
		              "children": [],
		              "body": "Tell what was being explained?"
	              },
	              {
		              "children": [],
		              "body": "Tell what things you need?"
	              },
	              {
		              "children": [],
		              "body": "Make the steps clear?"
	              },
	              {
		              "children": [],
		              "body": "Use keywords (first, second)?"
	              },
	              {
		              "children": [],
		              "body": "Make it interesting?"
	              }
              ],
              "body": "Question yourself to check organization. Did I:"
            },
            {
              "children": [
	              {
		              "children": [],
		              "body": "What parts do I want to change?"
	              },
	              {
		              "children": [],
		              "body": "Write two or more questions for my editor."
	              }
              ],
              "body": "Plan revisions. (look back)"
            }
          ],
          "body": "Edit"
        },{
          "children": [
            {
              "children": [
	            {
	              "children": [],
	              "body": "1."
	            },
	            {
	              "children": [],
	              "body": "2."
	            },
	            {
	              "children": [],
	              "body": "3."
	            },
	            {
	              "children": [],
	              "body": "4."
	            },
	            {
	              "children": [],
	              "body": "5."
	            }
            ],
            "body": "List suggestions from your editor."
            },
            {
              "children": [],
              "body": "Decide on the suggestions to use."
            },
            {
              "children": [
	              {
		              "children": [],
		              "body": "List ideas for making your paper more interesting to your reader(s)."
	              }
              ],
              "body": "Think about making your paper more interesting."
            },
            {
	          "children": [
		          {
			          "children": [],
			          "body": "On your first draft, make all changes that you think will improve your paper. Use ideas from the lists you have made."
		          }
	          ],
	          "body": "Return to your first draft."
            }
          ],
          "body": "Revise"
        }
      ],
      "body": "SRSD - POWER Compare/Contrast"
    }
  ],
    "SRSD - Revise Strategy": [
    {
      "children": [
        {
          "children": [],
          "body": "Use the speak tool to listen to the writing."
        },
        {
          "children": [],
          "body": "Tell what the writing is about and what you liked best."
        },
        {
          "children": [
            {
              "children": [],
              "body": "Is everything clear?"
            },
            {
              "children": [],
              "body": "Can any details be added?"
            }
            ],
          "body": "Read it again and make notes."
        },
        {
          "children": [],
          "body": "Your suggestions."
        }
      ],
      "body": "SRSD - Revise Strategy"
    }
  ],
  "SRSD - SCAN": [
    {
      "children": [
        {
          "children": [],
          "body": "Read the first draft of your essay."
        },
        {
          "children": [],
          "body": "Find the sentence that tells what you believe. Is it clear?"
        },
        {
          "children": [],
          "body": "Add two more reasons why you believe it."
        },
        {
          "children": [
            {
              "children": [],
              "body": "Does it make Sense?"
            },
            {
              "children": [],
              "body": "Is it Connected to my belief or central idea?"
            },
            {
              "children": [],
              "body": "Can I Add more?"
            },
            {
              "children": [],
              "body": "Note errors."
            }
            ],
          "body": "SCAN each sentence and ask:"
        },
        {
          "children": [],
          "body": "Make changes."
        }
      ],
      "body": "SRSD - SCAN"
    }
  ],
  "SRSD - STOP and DARE": [
    {
      "children": [
        {
          "children": [
            {
              "children": [],
              "body": "For:"
            },
            {
              "children": [],
              "body": "Against:"
            }
          ],
          "body": "Suspend judgment. Brainstorm ideas for and against the topic."
        },
        {
          "children": [],
          "body": "Take a side. Decide which side you are going to take: For or Against."
        },
        {
          "children": [],
          "body": "Organize ideas. Organize your ideas For and Against, you plan to use, and those you plan to refute"
        },
        {
          "children": [],
          "body": "Plan more as you write. Remember to use DARE to see if you used all four parts."
        },
        {
          "children": [],
          "body": "Develop a topic sentence."
        },
        {
          "children": [],
          "body": "Add supporting ideas."
        },
        {
          "children": [],
          "body": "Reject arguments for the other side."
        },
        {
          "children": [],
          "body": "End with a conclusion."
        }
      ],
      "body": "SRSD - STOP and DARE"
    }
  ],
  "SRSD - STOP and DARE into POW": [
    {
      "children": [
	    {
          "children": [],
          "body": "Pick my idea."
        },
        {
          "children": [
            {
              "children": [],
              "body": "Suspend judgement"
            },
            {
              "children": [],
              "body": "Take a side"
            },
            {
              "children": [],
              "body": "Organize ideas"
            },
            {
              "children": [],
              "body": "Put my plan in play"
            }
          ],
          "body": "Organize my notes with..."
        },
        {
          "children": [
	        {
		      "children":[],
		      "body": "Develop a topic sentence."
	        },
	        {
			  "children": [],
              "body": "Add supporting ideas."
        	},
			{
              "children": [],
              "body": "Reject arguments for the other side."
        	},
			{
              "children": [],
              "body": "End with a conclusion."
            }
          ],
          "body": "Write, say more, and...."
        }
      ],
      "body": "SRSD - STOP and DARE into POW"
    }
  ],
  "SRSD - STOP and LIST": [
    {
      "children": [
        {
          "children": [],
          "body": "STOP: Stop and Think Of Purposes."
        },
        {
          "children": [],
          "body": "LIST: List Ideas and Sequence Them."
        },
        {
          "children": [],
          "body": "Write and say more."
        }
      ],
      "body": "SRSD - STOP and LIST"
    }
  ],
  "SRSD - Story Grammar - WWW W=2 H=2": [
    {
      "children": [
        {
          "children": [],
          "body": "Think of a story that you would like to share with others."
        },
        {
          "children": [],
          "body": "Let your mind be free."
        },
        {
          "children": [
            {
              "children": [],
              "body": "Who is the main character; who else is in the story?"
            },
            {
              "children": [],
              "body": "When does the story take place?"
            },
            {
              "children": [],
              "body": "Where does the story take place?"
            },
            {
              "children": [],
              "body": "What does the main character want to do; what do the other characters want to do?"
            },
            {
              "children": [],
              "body": "What happens when the main character tries to do it; what happens with the other characters?"
            },
            {
              "children": [],
              "body": "How does the story end?"
            },
            {
              "children": [],
              "body": "How does the  main character feel; how do other characters feel?"
            }
          ],
          "body": "Make notes of your ideas for each part."
        },
        {
          "children": [],
          "body": "Write your story - use good parts, add, elaborate, or revise as you write or afterward, and make sense."
        }
      ],
      "body": "SRSD - Story Grammar - WWW W=2 H=2"
    }
  ],
    "SRSD - Summary-Writing Strategy": [
    {
      "children": [
        {
	      "children": [],
          "body": "What was the main idea?"
        },
        {
          "children": [
            {
              "children": [],
              "body": "1."
            },
            {
              "children": [],
              "body": "2."
            },
            {
              "children": [],
              "body": "3."
            },
            {
              "children": [],
              "body": "4."
            },
            {
              "children": [],
              "body": "5."
            }
            ],
          "body": "What important things did the writer say about the main idea?"
        },
        {
          "children": [],
          "body": "Go back and check to make sure I understand what the main idea was and the important things the writer said about this."
        },
        {
          "children": [],
          "body": "What is the main idea or topic that I am going to write about? Write a topic sentence for my summary."
        },
        {
          "children": [],
          "body": "How should I group my ideas? Organize my ideas."
        },
        {
          "children": [],
          "body": "Is there any important information that I left out, and is there any unimportant information that I can take out?"
        },
        {
          "children": [],
          "body": "Write a summary about what I read."
        },
        {
          "children": [],
          "body": "Read my summary and think: Is there anything that is not clear? Rewrite my summary (if necessary)."
        },
        {
          "children": [],
          "body": "Ask someone else to read my summary and ask them if there is anything that is not clear. Rewrite my summary (if necessary)."
        }
      ],
      "body": "SRSD - Summary-Writing Strategy"
    }
  ],
    "SRSD - TIDE": [
    {
      "children": [
        {
          "children": [],
          "body": "Topic sentence - tell the reader what you will be explaining."
        },
        {
          "children": [
            {
              "children": [],
              "body": "1. Important Detail"
            },
            {
              "children": [],
              "body": "2. Important Detail"
            },
            {
              "children": [],
              "body": "3. Important Detail"
            }
          ],
          "body": "Important Details - tell the reader 3 important ideas about the topic you are explaining."
        },
        {
          "children": [],
          "body": "Ending - bring everything together and remind the reader of your topic and all the important ideas."
        }
      ],
      "body": "SRSD - TIDE"
    }
  ],
    "SRSD - TREE": [
    {
      "children": [
        {
          "children": [],
          "body": "Who will read my paper?"
        },
        {
          "children": [],
          "body": "Why am I writing this paper?"
        },
        {
          "children": [
            {
              "children": [],
              "body": "Topic Sentence"
            },
            {
              "children": [],
              "body": "Reasons"
            },
            {
              "children": [],
              "body": "Examine Each Reason"
            },
            {
              "children": [],
              "body": "Ending"
            }
          ],
          "body": "Plan what to say."
        },
        {
          "children": [],
          "body": "Write and say more."
        }
      ],
      "body": "SRSD - TREE"
    }
  ],
  "SRSD - Vocabulary Strategy": [
    {
      "children": [
        {
          "children": [],
          "body": "Story Idea:"
        },
        {
          "children": [
	      {
		      "children": [],
		      "body": "Action words"
	      },
	      {
		      "children": [],
		      "body": "Describing words"
	      }
          ],
          "body": "List a variety of good words for my story."
        },
        {
          "children": [],
          "body": "Write my story - Use good words and make sure my story makes sense."
        },
        {
          "children": [],
          "body": "Read over my story and ask - Did I write a good story?"
        },
        {
          "children": [],
          "body": "Fix my story - Can I use more good words?"
        }
      ],
      "body": "SRSD - Vocabulary Strategy"
    }
  ]
}